{"is_source_file": true, "format": "bash", "description": "A shell script that detects and restores various types of database backups (SQLite, PostgreSQL, MySQL, MongoDB) based on the presence of backup files and the environment.", "external_files": ["database_backup.db", "database_backup.sql", "database_backup.archive"], "external_methods": ["ls", "cp", "sudo -u postgres pg_isready", "psql", "mysqladmin", "mysql", "mongosh", "mongorestore"], "published": [], "classes": [], "methods": [], "calls": ["ls", "cp", "sudo -u postgres pg_isready", "psql", "mysqladmin ping", "mysql", "mongosh", "mongorestore"], "search-terms": ["restore_db.sh", "database_backup", "SQLite", "PostgreSQL", "MySQL", "MongoDB", "backup detection", "restore script", "shell script"], "state": 2, "file_id": 2, "knowledge_revision": 14, "git_revision": "94019217efa429247b5dfeaed994bfc1213e9dc6", "hash": "d42c3e6cbc3bbd627e3c08afcf4183ec", "format-version": 4, "code-base-name": "database", "filename": "database/restore_db.sh", "revision_history": [{"14": "94019217efa429247b5dfeaed994bfc1213e9dc6"}]}