{"is_source_file": true, "format": "HTML", "description": "This is an HTML file implementing a web-based database visualizer interface, including structure, styles, and client-side scripts for fetching and displaying database information and table data.", "external_files": ["/api/databases", "/api/{db}/tables", "/api/{db}/tables/{tableName}/data"], "external_methods": ["fetch"], "published": [], "classes": [], "methods": [], "calls": ["fetchData('/api/databases')", "fetchData(`/api/${db}/tables`)", "fetchData(`/api/${db}/tables/${tableName}/data?limit=50`)", "setActiveState()", "showLoading()", "showError()", "showEmptyState()", "renderTable()", "renderCell()", "expandCell()"], "search-terms": ["Database Viewer", "HTML source", "client-side script", "AJAX fetch", "database list", "table data", "visualizer", "index.html"], "state": 2, "file_id": 6, "knowledge_revision": 15, "git_revision": "94019217efa429247b5dfeaed994bfc1213e9dc6", "hash": "ee63333a4841bf025439c755a74c9881", "format-version": 4, "code-base-name": "database", "filename": "database/db_visualizer/public/index.html", "revision_history": [{"15": "94019217efa429247b5dfeaed994bfc1213e9dc6"}]}