{"is_source_file": true, "format": "bash", "description": "A shell script for automatically detecting and backing up different types of databases (SQLite, PostgreSQL, MySQL/MariaDB, MongoDB). The script checks the presence and status of each database, then performs backup operations accordingly.", "external_files": ["/usr/lib/postgresql/", "/var/run/mysqld/mysqld.sock"], "external_methods": ["ls", "cp", "sudo -u postgres pg_isready", "sudo mysqladmin ping", "mysqladmin ping", "mysql", "mysqldump", "mongosh", "mongodump"], "published": [], "classes": [], "methods": [], "calls": ["ls", "cp", "sudo -u postgres pg_isready", "mysqladmin ping", "mysql", "mysqldump", "mongosh --eval", "mongodump"], "search-terms": ["backup_db.sh", "database backup", "detect database", "SQLite backup", "PostgreSQL backup", "MySQL backup", "MongoDB backup", "shell script", "database detection"], "state": 2, "file_id": 1, "knowledge_revision": 12, "git_revision": "94019217efa429247b5dfeaed994bfc1213e9dc6", "hash": "d7da372b768c895a33088027314656c3", "format-version": 4, "code-base-name": "database", "filename": "database/backup_db.sh", "revision_history": [{"12": "94019217efa429247b5dfeaed994bfc1213e9dc6"}]}